{"i":1000,"val_loss_history":[1.2116336997818],"val_loss_history_it":[1000],"forward_backward_times":{},"opt":{"max_epochs":50,"checkpoint_every":1000,"batch_size":50,"memory_benchmark":0,"init_from":"","grad_clip":5,"model_type":"lstm","lr_decay_every":5,"print_every":1,"wordvec_size":64,"seq_length":50,"input_json":"data\/picar.json","num_layers":2,"input_h5":"data\/picard.h5","reset_iterations":1,"rnn_size":512,"dropout":0,"checkpoint_name":"data2\/ST_TNG\/model_checkpoints\/picard","batchnorm":0,"learning_rate":0.002,"speed_benchmark":0,"gpu_backend":"cuda","lr_decay_factor":0.5,"gpu":-1},"train_loss_history":[4.3459758758545,3.8967351913452,3.3998785018921,3.1894624233246,3.1939821243286,3.1887543201447,3.1923189163208,3.1222665309906,3.2013309001923,3.2174408435822,3.1994214057922,3.1357729434967,3.1600389480591,3.1531438827515,3.1506814956665,3.165825843811,3.1328830718994,3.1761338710785,3.1087701320648,3.1378417015076,3.1063742637634,3.1639626026154,3.0930585861206,3.1128096580505,3.1061027050018,3.0614359378815,3.0515668392181,3.0147562026978,3.0262389183044,3.0016162395477,2.9584145545959,2.9761588573456,2.9547340869904,2.9185721874237,2.8657460212708,2.8584926128387,2.8435659408569,2.831981420517,2.7476477622986,2.820695400238,2.8035957813263,2.7623739242554,2.7788581848145,2.7259812355042,2.6699202060699,2.7361242771149,2.7064805030823,2.6577734947205,2.658421754837,2.5819401741028,2.6103196144104,2.5619249343872,2.5876362323761,2.5222370624542,2.5284276008606,2.5064888000488,2.4964790344238,2.4774653911591,2.503280878067,2.4518439769745,2.4773178100586,2.3791694641113,2.4489541053772,2.4000043869019,2.3865146636963,2.369339466095,2.3265342712402,2.3622941970825,2.3718354701996,2.3140301704407,2.3461630344391,2.2938072681427,2.3107893466949,2.2756242752075,2.2863299846649,2.2706320285797,2.2133128643036,2.2440221309662,2.2231020927429,2.2158122062683,2.3024964332581,2.2629783153534,2.2586436271667,2.238471031189,2.1943798065186,2.2299370765686,2.1497504711151,2.1857354640961,2.1865532398224,2.1669175624847,2.2700343132019,2.1925790309906,2.1470799446106,2.1489148139954,2.1942162513733,2.1435143947601,2.0978198051453,2.1631183624268,2.121910572052,2.1205310821533,2.0608823299408,2.1025004386902,2.072033405304,2.0609729290009,2.0915970802307,2.0722513198853,2.0606706142426,2.0488379001617,2.0598256587982,2.0481908321381,2.0360434055328,2.1090307235718,2.0301401615143,2.0637245178223,2.0150058269501,2.0821754932404,2.0313756465912,2.0082907676697,1.9735541343689,2.0036270618439,1.9663648605347,1.9638785123825,1.9617457389832,1.9707498550415,1.9294430017471,1.9434306621552,1.9534908533096,1.9931089878082,1.9419912099838,1.9922070503235,1.9057281017303,1.9298413991928,1.932803273201,1.9213837385178,1.9097765684128,1.9026049375534,1.9088230133057,1.8645989894867,1.876366019249,1.8990286588669,1.8451046943665,1.8615502119064,1.8653944730759,1.8498290777206,1.8583476543427,1.7965072393417,1.8764541149139,1.8119105100632,1.831413269043,1.8089410066605,1.8138962984085,1.8203819990158,1.8638044595718,1.8295285701752,1.7778230905533,1.7851079702377,1.8114199638367,1.8404265642166,1.7493119239807,1.8148750066757,1.8234920501709,1.7958424091339,1.8143790960312,1.820347070694,1.7787748575211,1.7883402109146,1.7562857866287,1.7334381341934,1.7748209238052,1.7382662296295,1.7302111387253,1.7740843296051,1.7701694965363,1.7755361795425,1.8007081747055,1.7542222738266,1.7038521766663,1.7400045394897,1.7712574005127,1.7587000131607,1.647158741951,1.7471840381622,1.7502493858337,1.7214812040329,1.674736738205,1.6568367481232,1.7232929468155,1.743611574173,1.7086939811707,1.6807597875595,1.7698273658752,1.7036265134811,1.7003155946732,1.6950521469116,1.7517998218536,1.6744246482849,1.6695646047592,1.625258564949,1.5863610506058,1.6427671909332,1.6958109140396,1.647641658783,1.6916531324387,1.636005282402,1.6970168352127,1.6779491901398,1.685550570488,1.7630923986435,1.6351851224899,1.7589662075043,1.6962887048721,1.7515640258789,1.7125835418701,1.7216790914536,1.6175253391266,1.612715959549,1.6167231798172,1.624067902565,1.6325186491013,1.6093412637711,1.6160823106766,1.5693030357361,1.6179056167603,1.6403095722198,1.7048419713974,1.6243940591812,1.620756149292,1.6497882604599,1.5748524665833,1.5859304666519,1.5779449939728,1.6632574796677,1.738246679306,1.6420019865036,1.6035294532776,1.7048245668411,1.6046808958054,1.5696537494659,1.6397659778595,1.6486840248108,1.5919884443283,1.6228655576706,1.6048864126205,1.6497058868408,1.6079733371735,1.5891950130463,1.5743546485901,1.5836873054504,1.5577793121338,1.6000164747238,1.6144189834595,1.5568188428879,1.6022474765778,1.5285773277283,1.61072742939,1.605828166008,1.5909118652344,1.5419087409973,1.4889150857925,1.5719908475876,1.5338554382324,1.5825496912003,1.5135365724564,1.5079711675644,1.5352402925491,1.5748500823975,1.4771050214767,1.5907512903214,1.5616527795792,1.5292274951935,1.5343197584152,1.592839717865,1.5540046691895,1.5271770954132,1.5147656202316,1.5986918210983,1.6052348613739,1.5591531991959,1.6404876708984,1.6878130435944,1.4966068267822,1.5152480602264,1.525203704834,1.4275563955307,1.5100649595261,1.594686627388,1.6011058092117,1.5332969427109,1.5446807146072,1.4815430641174,1.505318403244,1.4862580299377,1.4912632703781,1.5505341291428,1.4948188066483,1.4779863357544,1.5233023166656,1.5000809431076,1.4924623966217,1.5223321914673,1.5292503833771,1.4909275770187,1.4887901544571,1.5302002429962,1.4274312257767,1.5274871587753,1.4914391040802,1.4945049285889,1.5260194540024,1.4353595972061,1.4542654752731,1.4734666347504,1.4188581705093,1.4440162181854,1.4305005073547,1.4407652616501,1.3915448188782,1.4248000383377,1.4412543773651,1.4351944923401,1.4475975036621,1.4741241931915,1.4546277523041,1.4296932220459,1.4791544675827,1.5096110105515,1.4144399166107,1.4667546749115,1.4338402748108,1.4801352024078,1.414960026741,1.5016795396805,1.4430202245712,1.4054727554321,1.4291144609451,1.5089024305344,1.4347842931747,1.4882698059082,1.4563639163971,1.4708625078201,1.4104855060577,1.4749364852905,1.4662953615189,1.4378734827042,1.5037794113159,1.432214140892,1.3681892156601,1.4243695735931,1.3979696035385,1.3958345651627,1.3840578794479,1.4451043605804,1.4491726160049,1.4118888378143,1.3624696731567,1.3373966217041,1.4337911605835,1.435507774353,1.3969144821167,1.4889823198318,1.4479014873505,1.5127869844437,1.4718992710114,1.4093989133835,1.4815888404846,1.3922878503799,1.3837267160416,1.3980689048767,1.3980414867401,1.4630901813507,1.4060347080231,1.3647626638412,1.3739861249924,1.4932248592377,1.4432436227798,1.3818092346191,1.4536718130112,1.4652976989746,1.4110940694809,1.4216519594193,1.3977349996567,1.374302983284,1.4211720228195,1.3830218315125,1.3662711381912,1.3876105546951,1.3627387285233,1.40145611763,1.4284799098969,1.4481472969055,1.5294915437698,1.3949204683304,1.4648970365524,1.407452583313,1.4753215312958,1.4010081291199,1.3608914613724,1.3757474422455,1.3890508413315,1.3741434812546,1.4111714363098,1.3738740682602,1.3991466760635,1.3534129858017,1.3865215778351,1.3421924114227,1.3830291032791,1.3884198665619,1.4235419034958,1.3656494617462,1.3263394832611,1.3953866958618,1.4020363092422,1.3833639621735,1.3712536096573,1.4302498102188,1.3300293684006,1.3951115608215,1.3673132658005,1.356508731842,1.3856648206711,1.374631524086,1.3490859270096,1.3706804513931,1.2956842184067,1.395973443985,1.3526585102081,1.3611377477646,1.3134701251984,1.3502905368805,1.359710931778,1.4196268320084,1.3516856431961,1.3190643787384,1.3273568153381,1.3654445409775,1.4547145366669,1.2968854904175,1.3858450651169,1.4035882949829,1.3367060422897,1.3952950239182,1.4130842685699,1.3544198274612,1.3677480220795,1.3397419452667,1.2961938381195,1.3583726882935,1.2977224588394,1.3342914581299,1.3497388362885,1.337550163269,1.3450802564621,1.4359279870987,1.3582966327667,1.3096866607666,1.3517796993256,1.3805868625641,1.3712484836578,1.2917739152908,1.3753063678741,1.3536838293076,1.3610645532608,