{"i":1000,"val_loss_history":[1.3220454113824],"val_loss_history_it":[1000],"forward_backward_times":{},"opt":{"max_epochs":50,"checkpoint_every":1000,"batch_size":50,"memory_benchmark":0,"init_from":"","grad_clip":5,"model_type":"lstm","lr_decay_every":5,"print_every":1,"wordvec_size":64,"seq_length":50,"input_json":"data\/WORF_lines.json","num_layers":2,"input_h5":"data\/WORF_lines.h5","reset_iterations":1,"rnn_size":512,"dropout":0,"checkpoint_name":"data2\/ST_TNG\/model_checkpoints\/worf","batchnorm":0,"learning_rate":0.002,"speed_benchmark":0,"gpu_backend":"cuda","lr_decay_factor":0.5,"gpu":-1},"train_loss_history":[4.2369756698608,3.8572700023651,3.3429369926453,3.2446517944336,3.2312536239624,3.1806960105896,3.2056879997253,3.177276134491,3.2127869129181,3.1917471885681,3.1848702430725,3.1222512722015,3.1483390331268,3.1757643222809,3.1516377925873,3.1348040103912,3.1425657272339,3.1187851428986,3.1365118026733,3.1013116836548,3.0841534137726,3.0767226219177,3.0631675720215,3.0599074363708,3.0248656272888,2.9976673126221,2.9760098457336,2.9811956882477,2.9544541835785,2.9191946983337,2.9277467727661,2.8427796363831,2.8277812004089,2.8243989944458,2.7758693695068,2.7381184101105,2.6992087364197,2.6919448375702,2.6878063678741,2.6357157230377,2.6130800247192,2.600771188736,2.57510638237,2.5751056671143,2.5094885826111,2.5389356613159,2.5353016853333,2.5024666786194,2.4920752048492,2.4500946998596,2.4706802368164,2.4671711921692,2.4038879871368,2.37109375,2.3960676193237,2.3997399806976,2.3539674282074,2.3959274291992,2.3525142669678,2.3570618629456,2.373970746994,2.3770425319672,2.3486437797546,2.3037595748901,2.3337881565094,2.261656999588,2.2808649539948,2.2421040534973,2.290210723877,2.2531733512878,2.3125722408295,2.2745242118835,2.2752096652985,2.1976044178009,2.183646440506,2.2308912277222,2.2004721164703,2.160053730011,2.1543707847595,2.184846162796,2.1593735218048,2.1290247440338,2.12464427948,2.1102595329285,2.156316280365,2.1303985118866,2.1378202438354,2.0888137817383,2.0898356437683,2.1071026325226,2.0949563980103,2.1180560588837,2.1078219413757,2.0403180122375,2.040333032608,2.1245234012604,2.0624163150787,2.0688092708588,2.0236933231354,2.0626635551453,2.0560827255249,1.9966593980789,2.027982711792,2.0278234481812,2.0194828510284,1.9848161935806,1.9564681053162,2.0267124176025,2.0181777477264,1.9915972948074,1.9579310417175,1.9922000169754,1.9768031835556,1.9862349033356,1.9340795278549,1.9197667837143,1.9374029636383,1.9563792943954,1.8608232736588,1.9363243579865,1.9135662317276,1.915195941925,1.9234890937805,2.0014579296112,1.9574127197266,1.909034371376,1.9590892791748,1.8633700609207,1.8682328462601,1.8570737838745,1.8694477081299,1.8640222549438,1.9379512071609,1.8800898790359,1.8879046440125,1.8027772903442,1.7989265918732,1.8570929765701,1.8153244256973,1.7966305017471,1.7521042823792,1.8428943157196,1.7940939664841,1.7863146066666,1.7959932088852,1.7610756158829,1.8302742242813,1.7903009653091,1.7581380605698,1.7521402835846,1.7849445343018,1.7787687778473,1.7588129043579,1.7786988019943,1.8081158399582,1.7372068166733,1.7226403951645,1.8067553043365,1.7526366710663,1.7672100067139,1.7372509241104,1.7664241790771,1.7595266103745,1.7213816642761,1.7393811941147,1.7408630847931,1.7458455562592,1.6748554706573,1.6796370744705,1.7432032823563,1.7505668401718,1.6763486862183,1.6708204746246,1.7173089981079,1.6777902841568,1.6852082014084,1.6547374725342,1.6775535345078,1.6705676317215,1.6755719184875,1.6004174947739,1.6619906425476,1.6829175949097,1.6457124948502,1.6807519197464,1.7617064714432,1.7453982830048,1.6717422008514,1.7305929660797,1.620690703392,1.6285625696182,1.6291720867157,1.6056668758392,1.6169679164886,1.7366728782654,1.6559337377548,1.6599225997925,1.586030125618,1.5975971221924,1.6270468235016,1.5961529016495,1.5718700885773,1.5343868732452,1.6190285682678,1.5748612880707,1.5873177051544,1.5736025571823,1.5521560907364,1.6269204616547,1.5851162672043,1.5415815114975,1.5581253767014,1.597783446312,1.5664098262787,1.5540111064911,1.55704164505,1.6202185153961,1.5524668693542,1.5249322652817,1.5996842384338,1.5626420974731,1.580503821373,1.5482398271561,1.5710741281509,1.5741533041,1.5356073379517,1.5586276054382,1.5509829521179,1.5483818054199,1.469889998436,1.5032793283463,1.5579115152359,1.58271920681,1.4808841943741,1.5083303451538,1.5530004501343,1.5001806020737,1.4885582923889,1.4828672409058,1.5088495016098,1.5071153640747,1.4947429895401,1.4495506286621,1.5096091032028,1.5171580314636,1.483957529068,1.5015698671341,1.6035964488983,1.6746554374695,1.5178847312927,1.57377576828,1.4775480031967,1.4765646457672,1.4791513681412,1.4446399211884,1.4530680179596,1.5915335416794,1.5049465894699,1.5022488832474,1.4268839359283,1.451459646225,1.4623464345932,1.4336804151535,1.4056309461594,1.3798295259476,1.457048535347,1.4213091135025,1.4427304267883,1.4313849210739,1.4078081846237,1.4770566225052,1.4315626621246,1.3911887407303,1.4100761413574,1.4487116336823,1.4119848012924,1.4035794734955,1.4099509716034,1.4792655706406,1.4244601726532,1.3840761184692,1.460223197937,1.4287387132645,1.4480069875717,1.4289019107819,1.4423227310181,1.4320734739304,1.4001519680023,1.4142673015594,1.4304420948029,1.4218420982361,1.3619132041931,1.387402176857,1.4426226615906,1.449702501297,1.3652729988098,1.3940590620041,1.4253551959991,1.3737125396729,1.3851585388184,1.3767964839935,1.4100781679153,1.3943102359772,1.3940651416779,1.366984128952,1.4173973798752,1.4343605041504,1.4013118743896,1.4240527153015,1.4559862613678,1.4840503931046,1.4029726982117,1.4679098129272,1.3680824041367,1.3830399513245,1.3967651128769,1.3608111143112,1.3699743747711,1.5090315341949,1.4237809181213,1.416326880455,1.3591990470886,1.3735339641571,1.3842545747757,1.3572130203247,1.3365515470505,1.3153924942017,1.3857239484787,1.3511610031128,1.3843697309494,1.3694640398026,1.3510599136353,1.4048298597336,1.3633463382721,1.3293280601501,1.3472907543182,1.3891493082047,1.3395767211914,1.3339681625366,1.3455437421799,1.4111520051956,1.3670890331268,1.3294427394867,1.3944305181503,1.3667583465576,1.3921556472778,1.3701795339584,1.3825972080231,1.3746619224548,1.3438456058502,1.3545342683792,1.3731632232666,1.3614904880524,1.302029967308,1.3243639469147,1.3839348554611,1.3947304487228,1.3069615364075,1.3374801874161,1.3687977790833,1.3105677366257,1.3175094127655,1.3154131174088,1.3526190519333,1.3366569280624,1.3270583152771,1.3077563047409,1.3547267913818,1.3755395412445,1.3321747779846,1.3596253395081,1.3864598274231,1.4303753376007,1.3472321033478,1.4092618227005,1.309001326561,1.3292307853699,1.340092420578,1.305187702179,1.3153895139694,1.4439601898193,1.3624091148376,1.352396607399,1.3035658597946,1.3191298246384,1.3221366405487,1.291520357132,1.2756463289261,1.261758685112,1.3293529748917,1.2986085414886,1.3318680524826,1.3095238208771,1.302406668663,1.3429633378983,1.305867433548,1.2750097513199,1.2949696779251,1.334117770195,1.2780799865723,1.2755448818207,1.290375828743,1.3528003692627,1.3139275312424,1.2790312767029,1.3349515199661,1.3084362745285,1.3392163515091,1.3202339410782,1.328033208847,1.3223274946213,1.2871356010437,1.3008476495743,1.3159818649292,1.305117726326,1.2470450401306,1.2724634408951,1.331211566925,1.3421311378479,1.2538868188858,1.2854597568512,1.3135384321213,1.2566998004913,1.2618559598923,1.2624535560608,1.2973133325577,1.2818036079407,1.268527507782,1.2555940151215,1.299295425415,1.3194576501846,1.2707008123398,1.3072650432587,1.3212463855743,1.3802543878555,1.2950398921967,1.353012919426,1.2545812129974,1.2797923088074,1.284209728241,1.2586807012558,1.2682508230209,1.3853269815445,1.3049832582474,1.2906485795975,1.2594188451767,1.2708120346069,1.2680072784424,1.2417602539062,1.228459239006,1.2157691717148,1.2825812101364,1.2522736787796,1.2862546443939,1.2570713758469,1.2558844089508,1.2875379323959,1.2553197145462,1.2255610227585,1.250596165657,1.2852456569672,1.2235517501831,1.2216728925705,1.2393101453781,