{"i":1000,"val_loss_history":[1.3262870652335],"val_loss_history_it":[1000],"forward_backward_times":{},"opt":{"max_epochs":50,"checkpoint_every":1000,"batch_size":50,"memory_benchmark":0,"init_from":"","grad_clip":5,"model_type":"lstm","lr_decay_every":5,"print_every":1,"wordvec_size":64,"seq_length":50,"input_json":"data\/WORF_lines.json","num_layers":2,"input_h5":"data\/WORF_lines.h5","reset_iterations":1,"rnn_size":512,"dropout":0,"checkpoint_name":"data2\/ST_TNG\/model_checkpoints\/worf","batchnorm":0,"learning_rate":0.002,"speed_benchmark":0,"gpu_backend":"cuda","lr_decay_factor":0.5,"gpu":-1},"train_loss_history":[4.2299814224243,3.7794950008392,3.3162868022919,3.2529771327972,3.2259278297424,3.1743578910828,3.2205288410187,3.1890938282013,3.2087259292603,3.195919752121,3.1880898475647,3.1152386665344,3.1431822776794,3.1619205474854,3.1392450332642,3.1188387870789,3.1250746250153,3.0949952602386,3.1075046062469,3.0588593482971,3.0364720821381,3.0258569717407,3.0060715675354,3.0012910366058,2.9502682685852,2.920401096344,2.9074630737305,2.8962345123291,2.8738186359406,2.8376083374023,2.8473467826843,2.772367477417,2.765234708786,2.7653698921204,2.7155950069427,2.6809606552124,2.6417005062103,2.6481239795685,2.6384344100952,2.5873963832855,2.584486246109,2.5588564872742,2.5414407253265,2.5312507152557,2.4713399410248,2.502779006958,2.4889929294586,2.468416929245,2.4339799880981,2.4229557514191,2.4298660755157,2.4159677028656,2.3695414066315,2.3271324634552,2.3572533130646,2.3665194511414,2.3185212612152,2.3604018688202,2.312438249588,2.3299090862274,2.339656829834,2.3706088066101,2.3219585418701,2.2800054550171,2.3254044055939,2.2340247631073,2.2538526058197,2.223685503006,2.2709584236145,2.2205097675323,2.2703504562378,2.2416777610779,2.240471124649,2.165474653244,2.1565644741058,2.2017385959625,2.1656153202057,2.1309320926666,2.1279029846191,2.1535646915436,2.1295323371887,2.1042928695679,2.1101610660553,2.0787513256073,2.122936964035,2.1042006015778,2.0983264446259,2.0534691810608,2.0628750324249,2.0850594043732,2.0572633743286,2.0653233528137,2.0777788162231,1.999903678894,2.0181386470795,2.0921919345856,2.0299289226532,2.0348284244537,1.9956041574478,2.0190131664276,2.0164632797241,1.9726684093475,1.9835435152054,1.994969367981,1.9888013601303,1.9259580373764,1.9218466281891,1.9803307056427,1.9733837842941,1.9508074522018,1.9134891033173,1.9374941587448,1.9323008060455,1.9366830587387,1.8911529779434,1.8958936929703,1.8899412155151,1.9023277759552,1.8299003839493,1.8836251497269,1.8683480024338,1.8601692914963,1.8884152173996,1.9578230381012,1.9130140542984,1.8654203414917,1.9033570289612,1.8152868747711,1.8261263370514,1.8216724395752,1.8262168169022,1.8288748264313,1.8966771364212,1.8465396165848,1.848620891571,1.7683546543121,1.7639191150665,1.8123396635056,1.7919056415558,1.745432972908,1.7060394287109,1.7865626811981,1.7665859460831,1.739861369133,1.7572492361069,1.716170668602,1.7940099239349,1.7543247938156,1.7210420370102,1.714449763298,1.7416892051697,1.7333925962448,1.7164781093597,1.7316640615463,1.77563393116,1.6890374422073,1.6864583492279,1.7544894218445,1.7152445316315,1.7256025075912,1.6950200796127,1.7188601493835,1.7051852941513,1.6803168058395,1.6971570253372,1.6961736679077,1.6975191831589,1.6164437532425,1.628359913826,1.6888316869736,1.7028685808182,1.628386259079,1.6370204687119,1.6708986759186,1.6420723199844,1.6264741420746,1.5993466377258,1.6442675590515,1.6188957691193,1.6194891929626,1.5642373561859,1.614618062973,1.6336802244186,1.5977801084518,1.6255159378052,1.7287029027939,1.6907711029053,1.6148298978806,1.6576542854309,1.5799725055695,1.588236451149,1.5959988832474,1.564582824707,1.5925941467285,1.7051503658295,1.6183015108109,1.616877913475,1.5481142997742,1.5597261190414,1.5815314054489,1.55284678936,1.5236781835556,1.4828283786774,1.5720983743668,1.540118098259,1.5382980108261,1.5389840602875,1.5087109804153,1.5904225111008,1.5425506830215,1.5127563476562,1.5177209377289,1.5511935949326,1.5015463829041,1.511354804039,1.5142500400543,1.5805281400681,1.5149676799774,1.4934502840042,1.5407738685608,1.5272797346115,1.5350525379181,1.5216348171234,1.5357506275177,1.5193437337875,1.5131717920303,1.5092722177505,1.5255998373032,1.5159261226654,1.4221929311752,1.4679746627808,1.5095566511154,1.5336521863937,1.4513013362885,1.4550884962082,1.5040156841278,1.4618295431137,1.4301989078522,1.4432516098022,1.4849137067795,1.4531224966049,1.4464520215988,1.3998101949692,1.471647977829,1.4712154865265,1.4419903755188,1.4473422765732,1.5480109453201,1.5851401090622,1.461375951767,1.5038802623749,1.4328068494797,1.4367810487747,1.4407949447632,1.4055271148682,1.428013920784,1.5493775606155,1.4707493782043,1.4562824964523,1.4021821022034,1.4089131355286,1.4246826171875,1.391307592392,1.3734887838364,1.349014043808,1.41548371315,1.3862493038177,1.4009872674942,1.3926982879639,1.3687300682068,1.4385821819305,1.3968391418457,1.3528085947037,1.3604657649994,1.4046578407288,1.3486258983612,1.361878991127,1.3712042570114,1.4292904138565,1.3733056783676,1.3521640300751,1.4029052257538,1.3849544525146,1.4011213779449,1.3900221586227,1.3955805301666,1.3798127174377,1.3712409734726,1.3655047416687,1.3970454931259,1.38197016716,1.3052188158035,1.3469865322113,1.3816816806793,1.3972442150116,1.3189438581467,1.3431323766708,1.389976978302,1.3535531759262,1.3394740819931,1.3339076042175,1.3711025714874,1.354873418808,1.3546410799026,1.3352707624435,1.3877679109573,1.3911254405975,1.3631681203842,1.3778556585312,1.4054824113846,1.4312874078751,1.3524696826935,1.4035264253616,1.3146848678589,1.3408319950104,1.3546906709671,1.3323756456375,1.3493986129761,1.4610031843185,1.3826829195023,1.3761842250824,1.3359440565109,1.3367631435394,1.3438371419907,1.3147351741791,1.2948589324951,1.2847174406052,1.3452744483948,1.3107416629791,1.3364304304123,1.3173352479935,1.3048601150513,1.3766070604324,1.333937048912,1.2878779172897,1.2997523546219,1.343132853508,1.2764511108398,1.2915284633636,1.3082741498947,1.3644615411758,1.3145053386688,1.2948377132416,1.3368982076645,1.3183660507202,1.3367137908936,1.335013628006,1.3325798511505,1.3145312070847,1.3085775375366,1.3052662611008,1.3410291671753,1.3196243047714,1.244549036026,1.2876373529434,1.3189888000488,1.3366873264313,1.2586678266525,1.2839838266373,1.3291146755219,1.2924790382385,1.274321436882,1.2708424329758,1.3113474845886,1.2920147180557,1.28690969944,1.2801957130432,1.3305051326752,1.3287837505341,1.2929704189301,1.3100380897522,1.3389035463333,1.3792301416397,1.3009355068207,1.3488881587982,1.2571651935577,1.2881969213486,1.2992848157883,1.281374335289,1.2972617149353,1.4011454582214,1.322766661644,1.3151581287384,1.275162935257,1.2804194688797,1.2840936183929,1.2548273801804,1.2385402917862,1.2333544492722,1.2894253730774,1.2554783821106,1.2887855768204,1.2637583017349,1.256173491478,1.3219941854477,1.2806706428528,1.234871506691,1.2482125759125,1.2890249490738,1.2151827812195,1.2353562116623,1.2538359165192,1.3070323467255,1.2617752552032,1.2394490242004,1.2776346206665,1.2600606679916,1.2805378437042,1.2853447198868,1.2784337997437,1.2610285282135,1.2543922662735,1.251439332962,1.290472984314,1.2642542123795,1.1923344135284,1.236466884613,1.2641206979752,1.2844215631485,1.20723092556,1.2324824333191,1.274569272995,1.2391543388367,1.2182430028915,1.2170813083649,1.259831905365,1.2385828495026,1.229828953743,1.2273454666138,1.2765518426895,1.2749117612839,1.2337508201599,1.251736998558,1.2769829034805,1.3275240659714,1.2512567043304,1.2988970279694,1.2039895057678,1.2345877885818,1.2485169172287,1.2333456277847,1.2436295747757,1.3391807079315,1.2673397064209,1.2586309909821,1.2233955860138,1.2260640859604,1.2335383892059,1.2006250619888,1.1880830526352,1.1825985908508,1.2336946725845,1.2020627260208,1.2423174381256,1.2127118110657,1.2110857963562,1.2688306570053,1.2281128168106,1.1828125715256,1.1996411085129,1.23590528965,1.161395072937,1.1846299171448,1.2047455310822,